Model,CV RMSE Mean,CV RMSE Std
Gradient Boosting,0.12308876637802521,0.0054353104817745565
Lasso,0.12371182727826333,0.011107334070998091
Ridge,0.1276869188699033,0.012620782139848347
Linear Regression,0.1339230831587628,0.01681059008792226
Random Forest,0.13652419615290262,0.006685707550849978
